frame,baseX,baseY,headX,headY,handX,handY
0,400,500,400,400,300,500
100,638,1080,582,0,248,1080
141,840,1080,622,0,366,1080
179,1080,1080,670,0,614,1080
198,1028,1080,572,162,754,1080
210,1232,998,738,136,942,972
223,1238,826,758,84,888,810
230,1234.100928761163,803.3898353778274,767.7720334092464,105.23681370082622,930,802
233,1232.9920352323838,799.8642007121439,772.5388633808096,119.40204507121439,886,878
239,1238,790,786,150,688,852
246,1290,742,826,186,1050,1060
257,1290,742,826,186,650,1020
265,1251.7287463556852,737.5218658892128,842.3881049562682,289.3366763848396,966,1018
271,1236,712,858,344,1032,940
277,1314,584,876,204,1186,728
281,1380,460,904,100,1312,490
282,1226,522,1090,368,1188,482
287,1208.375,527.0454545454545,1110.1363636363635,396.07954545454544,1202,494
292,1226,522,1090,368,1134,588
302,1228,554,1106,406,1072,618
316,1206.720191158901,566.2867383512545,1102.0755077658303,415.7615292712067,1084,630
323,1194,572,1098,422,1030,618
337,1166,594,1088,460,1024,610
348,1118,654,1076,460,1024,610
359,1152,646,1154,458,1102,676
361,1152,646,1188,482,1102,676
365,1162,652,1204,500,1102,676
373,1168,622,1152,452,1080,654
378,1172,592,1138,424,1024,634
385,1172,592,1136,460,998,630
391,1162,602,1132,464,1046,648
395,1156,624,1148,494,1102,660
400,1142,640,1150,516,1046,664
403,1150,674,1140,560,1046,664
406,1146,664,1126,514,1084,680
412,1158,644,1126,514,1098,682
414,1162,640,1126,514,1120,694
423,1138,634,1108,512,1110,698
430,1108,650,1092,522,1058,696
434,1072,658,1074,526,980,682
440,1072,658,1074,526,1006,702
448,1072,658,1074,526,1026,670
454,1088,660,1086,518,1048,670
466,1102,686,1104,538,1060,680
470,1102,686,1106,562,1034,680
473,1104,690,1118,558,1026,676
474,1111.5526455026456,689.7944444444445,1123.8138888888889,555.1433862433862,1022,672
475,1121.8712522045855,688.925925925926,1130.2407407407406,551.710758377425,1020,688
477,1142.0246913580247,687.0370370370371,1142.2962962962963,545.1604938271605,1064,630
479,1152,686,1148,542,1160,590
481,1152,686,1148,542,1218,526
482,1152,686,1148,542,1214,502
484,1152,686,1148,542,1190,534
487,1152,686,1148,542,1152,580
492,1152,686,1148,542,1126,590
493,1152,686,1148,542,1102,590
497,1152,686,1132,566,1088,598
499,1152,686,1120,574,1092,626
500,1154.349537037037,687.3425925925926,1120,576,1098.8078703703704,629.6851851851852
503,1163.148148148148,692.3703703703703,1118,578,1122.4814814814815,630.7407407407408
505,1166,694,1118,580,1130,630
510,1224,708,1166,564,1198,672
513,1238,708,1216,552,1208,708
516,1238,708,1274,574,1208,708
518,1238,708,1312,596,1208,708
520,1252,708,1312,596,1262,788
522,1252,708,1364,654,1272,830
524,1236,722,1368,716,1292,884
526,1240,732,1374,774,1298,938
529,1236,734,1370,814,1310,976
531,1236,734,1370,840,1310,984
536,1238,748,1328,850,1338,992
539,1238,748,1306,866,1338,992
552,1238,748,1344,840,1296,968
554,1238,748,1354,810,1278,946
559,1234,740,1364,738,1196,848
561,1234,740,1364,694,1190,812
565,1196,752,1364,640,1190,812
569,1196,752,1354,590,1202,732
572,1230,736,1336,562,1184,716
576,1244,738,1306,546,1184,716
581,1258,720,1266,538,1138,724
590,1258,720,1256,536,1138,724
595,1236,722,1238,560,1202,616
596,1234.7777777777778,714.5555555555555,1237,561.3333333333334,1192,628
598,1236,698,1238,560,1188,626
602,1236,698,1194,574,1230,666
605,1202,698,1118,570,1204,692
607,1202,698,1118,570,1252,702
609,1186,686,1108,566,1252,702
611,1172,698,1098,562,1228,686
613,1148,692,1060,562,1204,696
616,1132,696,1060,550,1204,696
618,1132,696,1060,550,1122,702
621,1132,696,1074,530,1076,698
625,1102,684,1096,520,1060,722
630,1102,684,1096,520,1164,704
636,1032,686,1052,524,1104,724
638,1044,668,1052,500,1040,736
640,1044,668,1040,510,1040,736
645,1044,668,1074,510,970,704
646,1038,704,1092,520,970,704
649,1037.775,724.7375,1142,596,926,650
650,1038,726,1162,632,948,638
651,1038,726,1168,650,964,618
653,1038,726,1180,688,984,612
656,1038,726,1204,664,996,618
657,1038,726,1212,644,996,618
661,1118,708,1210,534,1070,678
664,1148,688,1210,514,1070,678
667,1168,702,1210,514,1102,702
670,1168,702,1232,528,1102,694
672,1168,702,1270,584,1102,694
674,1158,708,1288,614,1090,640
676,1158,708,1320,660,1110,608
681,1158,708,1320,660,1128,632
684,1200,692,1316,590,1240,784
686,1200,692,1316,590,1364,696
687,1200,692,1306,554,1390,632
689,1238,692,1296,530,1420,484
690,1244,684,1296,530,1392,410
691,1246,684,1296,530,1328,394
692,1244,702,1296,530,1268,378
693,1244,702,1296,530,1200,382
694,1244,702,1296,530,1156,436
695,1244,702,1280,508,1134,518
696,1244,702,1280,508,1142,602
697,1244,702,1280,508,1138,664
699,1244,702,1280,508,1176,744
700,1244,702,1280,508,1206,764
701,1244,702,1252,502,1220,772
703,1284,712,1228,512,1220,772
705,1284,712,1216,536,1220,772
707,1284,712,1186,514,1216,802
710,1284,712,1162,582,1240,788
712,1284,712,1176,610,1240,788
714,1284,712,1166,630,1228,740
722,1284,712,1196,614,1228,740
724,1284,712,1208,572,1206,728
726,1284,712,1228,538,1206,728
728,1284,712,1228,538,1166,690
730,1242,692,1268,518,1132,662
732,1242,692,1268,518,1098,632
734,1226,682,1300,514,1126,614
736,1254,668,1310,508,1148,636
739,1298,668,1322,502,1306,676
743,1298,668,1322,502,1490,662
744,1303.828125,659.875,1320.515625,487.78125,1528,610
747,1332,620,1316,426,1524,442
749,1358,580,1326,406,1484,354
750,1367.2666666666667,574.1259259259259,1326.888888888889,404.22222222222223,1440,322
751,1375.3055555555554,572.6067901234568,1326.5185185185185,404.96296296296293,1414,290
752,1375.3055555555554,572.6067901234568,1326.5185185185185,404.96296296296293,1374,290
757,1438,580,1374,438,1296,326
760,1490,606,1416,446,1296,394
763,1550,614,1470,498,1296,498
766,1556,640,1492,508,1328,578
770,1574,628,1512,480,1412,566
771,1562,608,1512,480,1464,554
772,1562,608,1508,438,1544,558
774,1562,608,1508,438,1558,548
776,1538,610,1508,438,1558,548
777,1538,610,1508,438,1518,576
778,1524,600,1482,454,1472,596
779,1524,600,1470,460,1416,608
780,1504,622,1466,482,1354,610
782,1454,620,1424,474,1256,618
784,1398,620,1378,464,1256,618
785,1398,620,1372,478,1256,618
787,1344,640,1316,456,1322,616
790,1284,648,1264,448,1406,618
792,1244,638,1240,438,1370,624
794,1206,604,1216,418,1328,636
796,1170,608,1184,424,1278,634
797,1163.4962962962964,598.8592592592593,1174.888888888889,430.10370370370373,1270,616
798,1128,618,1169.6851851851852,435.56049382716054,1257.3333333333333,613.5
799,1152,602,1166,440,1246,614
800,1124,628,1166,440,1246,614
801,1124,628,1166,440,1188,628
802,1124,628,1166,440,1154,640
803,1110,634,1152,444,1118,606
804,1110,634,1162,452,1090,618
805,1110,634,1162,452,1010,628
806,1110,634,1162,452,970,606
807,1110,634,1162,490,962,576
808,1110,634,1148,500,964,558
809,1110,634,1138,530,964,558
810,1110,634,1136,538,964,558
811,1110,634,1136,538,1006,562
812,1110,634,1132,554,1006,562
813,1110,634,1120,544,1022,608
814,1128,648,1132,524,1012,620
816,1152,656,1122,494,1020,656
818,1164,630,1132,462,1064,662
820,1176,626,1150,452,1150,544
821,1185.75,638.125,1168,434,1124,516
822,1232,612,1186,446,1132,508
823,1226,618,1189.3333333333333,448.8333333333333,1164,508
824,1230,626,1196,450,1090,478
825,1252,628,1234,452,1096,496
826,1274,642,1256,458,1094,574
827,1290,674,1274,462,1150,636
828,1318,640,1308,462,1194,666
829,1330,646,1324,472,1254,694
831,1356,646,1374,472,1378,714
832,1356,646,1398,488,1446,714
833,1356,646,1410,490,1484,710
834,1356,646,1410,490,1516,700
836,1350,658,1430,514,1516,700
838,1338,628,1392,478,1510,682
839,1338,628,1392,478,1498,666
840,1308,628,1374,452,1466,648
841,1308,628,1362,444,1418,614
842,1300,606,1346,424,1390,588
843,1300,606,1326,400,1332,540
844,1300,606,1308,400,1312,516
845,1300,606,1290,402,1270,502
846,1296,590,1274,404,1248,504
847,1296,590,1258,390,1232,520
848,1278,580,1244,398,1242,554
851,1276,566,1228,396,1296,612
852,1276,566,1228,396,1314,620
853,1276,566,1248,408,1314,620
854,1276,566,1248,424,1362,626
856,1276,566,1258,428,1418,624
858,1276,566,1280,432,1424,618
860,1284,556,1298,430,1476,608
863,1284,556,1326,436,1476,608
865,1258,550,1328,406,1354,674
867,1252,554,1284,376,1176,638
868,1226,546,1272,362,1126,572
869,1226,546,1254,370,1086,516
870,1204,528,1238,342,1020,480
871,1182,516,1214,340,1000,458
876,1120,518,1132,326,1000,458
880,1082,552,1090,376,1054,528
890,1106,514,1098,296,1054,528
893,1101.753,508.874,1143.264,322.784,1166,512
895,1098.625,508.25,1168,340,1146,548
900,1106,514,1134,304,1054,528
901,1258,634,1334,286,1160,608
902,1268.715201396683,636.5420127197905,1312,290,1166.5573862077565,605.6921710936525
907,1252.919481855593,591.8600133277216,1190,300,1150.5901166760193,553.1821523101385
910,1248,568,1214,294,1144,526
912,1276,574,1246,286,1160.56,534.24
913,1258,596,1244,376,1184,612
916,1274,590,1254,382,1152,658
917,1265.517857142857,587.5357142857143,1248.0892857142858,389.5267857142857,1192,684
920,1236,578,1228,406,1202,568
923,1210,560,1202,384,1128,538
924,1350,534,1328,294,1258,474
927,1356.5459111201299,528.1509486607143,1325.2189021915585,276.9513240665584,1118,456
930,1332,526,1296,280,1078,444
935,1313.7075892857142,507.6908482142857,1281.8370535714287,277.95200892857144,1124,402
938,1300,500,1284,282,1041.928,469.384
940,1280,516,1328,304,1048,476
941,1208,532,1218,320,978,452
947,1274,558,1268.8046783625732,372.95360623781676,1095.2974658869396,496.8732943469786
950,1246,556,1302,390,1156,496
952,1294,592,1315.7032146938136,390.4356211412962,1187.143527104644,452.8338803158025
960,1332,568,1356,386,1288,296
973,1389.6370000000002,597.94075,1337.8060277777777,421.1180555555556,1268,682
974,1390.1905906362547,597.739987394958,1346.1337949179672,414.05289115646264,1304,628
975,1322,580,1324,390,1310.7602513227514,548.5059523809524
976,1328.987670332133,581.4144013445379,1335.3243952087503,384.39435827664397,1372,464
979,1382.3547209580975,594.1367574069628,1352,394,1340,224
980,1382,596,1384,378,1306,208
981,1438,602,1420,390,1262,224
982,1490.7333333333333,611.6083333333333,1466.7916666666667,392.5,1214,252
984,1550,612,1528,374,1308,466
985,1590,634,1564,398,1376,550
986,1618,632,1586,382,1420,694
987,1160,582,1220,402,1270,552
988,1160,570,1216,400,1239.0555555555557,538.3703703703703
990,1170,586,1226,438,1228,556
995,1174,566,1252,436,1224,528
1000,1186,574,1268,406,1226,478
1005,1168.4166666666667,612.7083333333334,1278.4583333333333,492.6666666666667,1224,770
1010,1170,636,1292,552,1208,786
1011,1185.9573333333333,624.1786666666667,1300.7386666666666,535.6373333333333,1196,768
1015,1280,548,1344,412,1074,526
1020,1334,544,1346,342,1282,182
1025,1374,516,1398,342,1550,292
1027,1370,532,1402,358,1640,372
1029,1408,556,1456,386,1667.7777777777778,489.94074074074075
1030,1420,580,1486,394,1610,544
1031,796,714,798,616,816,680
1032,788,740,810,632,810,722
1035,816,744,858,646,788,744
1040,878,742,906,650,848,728
1045,912.2916666666666,718,935.25,626.75,898,618
1048,928.8729374358974,702.9700923076923,949.1408123076923,611.6386584615385,934,548
1049,933.801331042735,698.6566317948718,952.6009597948718,607.1339956923077,954,544
1050,938,696,954,604,966,542
1058,965.6951111111111,692.1066666666667,945.4186666666667,593.552,1044,612
1060,972,694,950,598,1068,668
1065,985.375,714.625,1016.25,656.25,1044,770
1070,1002,732,1082,720,1042,824
1080,1062,704,1074,758,1068,830
1090,1126,708,1064,724,1054,824
1095,1147,716,1059.75,709.5,1044,800
1100,1156,724,1062,690,1138,704
1105,1144,722,1080,654,1194,690
1107,1135.9640000000002,724.4359999999999,1089.212,637.1586666666666,1184,670
1110,1124,728,1104,616,1204,678
1115,1114,724,1128,610,1154,664
1116,1114,724,1120,614,1132,664
1117,1108,726,1128,606,1136,672
1118,1102,726,1126,622,1116,672
1119,1504,568,1496,374,1536,480
1120,1510,552,1494,388,1558,476
1124,1472.7306666666666,574.4426666666667,1485.6906666666666,423.904,1510,494
1125,1460,584,1482,434,1508,488
1130,1374,656,1450,496,1444,592
1135,1300.375,738.0833333333334,1360,570,1186,678
1140,1244,798,1168,666,1068,824
1145,1224.6354166666667,785.0347222222222,1052,754,1070.25,828.5416666666666
1150,1224,764,1068,678,1096,806
1155,1240.1137152777778,769.5804398148148,1154,612,1096,792
1160,1292,768,1234,596,1136,778
1161,1298,774,1256,586,1122,784
1162,1532,668,1454,418,1430,650
1163,1518,690,1468,412,1408,636
1164,1513.1904761904761,699.4285714285714,1479.142857142857,417.14285714285717,1366,618
1167,1474.5729166666667,698.9375,1516,450,1304.0318506493506,547.4624480519481
1170,1424,706,1450,450,1224,488
1172,1342,758,1380,476,1059.3745454545456,507.92436363636364
1174,1252,850,1342,454,1038,450
1175,1146,938,1022,392,848,500
1176,1093.3570370370371,921.194074074074,1046,366,827.9851851851852,387.03703703703707
1178,1013.344,843.904,1194,352,892,120
1180,960,752,1372,304,1190,0
1185,990,462,1556,506,1874,112
1188,1010.61,476.688,1628.048,541.328,1880,176
1190,1014,536,1628,536,1764,24
1195,955.75,780,1374,440,866,8
1200,906,1044,1080,530,602,848
1205,955.2708333333334,1058.0833333333333,1170,466,968,740
1210,1028,988,1478,686,1204,930
1212,1024.6125,924.65,1553.792,798.256,1234,952
1213,1020.2003472222223,887.4847222222222,1578.992,856.0226666666666,1286,952
1215,1026,812,1592,958,1046,1000
1220,1190,648,1368,1080,982,980
1230,1514,924,956,1080,1504,1080
1240,1404,974,836,688,976,1040
1245,1310,768,738,688,810.5,1027
1250,1400,698,852,818,758,1012
1255,1406.75,811.5416666666666,926,832,710,1038
1260,1346,878,914,626,1134,956
1265,1078.6875,660.3715277777778,870,176,1434,234
1270,908,468,608,32,892,256
1272,942,532,522,136,378,486
1273,1428,648,1338,474,1326,572
1274,1416,628,1336,506,1302,580
1275,1426,636,1326,532,1274,620
1280,1454,622,1302,560,1336,640
1288,1422.9813333333334,585.6053333333333,1273.3706666666667,481.92,1392,656
1290,1412,580,1268,466,1436,620
1300,1346,584,1254,442,1306,626
1310,1290,576,1340,416,1216,578
1320,1264,584,1338,442,1204,612
1325,1244.25,584.25,1307.125,442.75,1174,612
1330,1234,588,1278,440,1138,610
1335,1264.8125,607.4375,1287.3229166666667,445.1041666666667,1176,602
1340,1284,624,1290,438,1362,600
1342,1320.2295,622.9365,1332.57675,441.5365,1380,540
1344,1342,628,1370,430,1390,526
1345,1356,618,1380,436,1404,564
1346,1190,694,1248,360,1064,608
1349,1186,648,1222,342,989.5517857142856,573.1035714285714
1350,1194,618,1202,336,998,572
1355,1270.4214015151515,656.1732954545455,1262,370,1076.657941017316,651.0081168831168
1360,1346,696,1414,436,1152,728
1365,1407.125,693.375,1466,412,1199.625,771.125
1370,1454,684,1416,374,1236,792
1380,1492,708,1496,376,1300,770
1383,1478.699,709.037,1514,492,1266,900
1384,1448,630,1418,356,1200,624
1390,1426.1593573246607,622.30485364819,1408,294,1152,580
1400,1404,638,1466,370,1196,654
1410,1404,638,1446,362,1196,654
1415,1400.5625,638.375,1443.5625,362,1122,710
1425,1352,578,1392,474,1210,644
1430,1404,638,1446,408,1308,624
1440,1514,626,1464,338,1198,656
1445,1454,630,1436,292,1294,766
1450,1404,694,1394,538,1332,630
1455,1420,644,1398,440,1302,582
1460,1472,468,1452,154,1314,534
1465,1576.2916666666667,590.875,1567.5,263.9583333333333,1352,648
1470,1656,722,1668,420,1446,800
1475,1710,720,1808,524,1662,696
1476,1612,654,1692,524,1552,704
1478,1606,660,1710,528,1532,688
1480,1590,638,1692,496,1578,614
1484,1551.984,631.664,1558.384,468.672,1678,584
1486,1532.6951111111111,630.5417777777777,1490.1395555555555,457.50533333333334,1702,564
1490,1494,632,1384,444,1252,564
1492,1473.9432868774024,636.5517692814182,1376.5723259946637,448.573090343237,1198,540
1499,1403.8181028571428,655.92366,1398.0133885714285,475.3180371428571,1294,736
1500,1398,656,1402,474,1278,746
1505,1420,624,1438,406,1220,452
1506,1417.6126666666667,626.7353333333333,1443.264,421.376,1212,418
1509,1399.70225,650.48325,1455.6640000000002,515.6759999999999,1172,574
1510,1398,656,1460,536,1250,704
1512,1408.4220633333334,659.0416766666667,1471.56032,543.9908800000001,1462,752
1515,1426.2083333333333,661.0416666666666,1484,538,1526,650
1519,1449.982336511111,658.3330553555555,1469.4354602666667,457.4455157333333,1398,580
1520,1454,656,1466,440,1414,744
1521,1455.509115586963,651.2672981694815,1464.3931064604444,428.99025609955555,1340,738
1525,1458.0659722222222,631.8298611111111,1457.8333333333333,392.1666666666667,1334,616
1530,1440,618,1436,382,1280,674
1535,1432,610,1430,374,1284,224
1536,1446,608,1450,374,1292,222
1537,1446,608,1434,396,1302,232
1538,1448,612,1444,388,1302,256
1539,1196,672,1194,582,1152,546
1540,1196,682,1200,588,1144,546
1543,1202.3627272727272,687.154,1206,602,1156,636
1546,1209.099984721161,690.7281344537815,1205.8962785114045,592.5574344023323,1184,686
1550,1216,694,1206,580,1158,660
1560,1216,694,1222,602,1256,678
1570,1216,694,1222,602,1220,670
1575,1234.125,698.375,1241.75,597.625,1268,688
1580,1258,702,1264,594,1258,686
1590,1304,696,1284,600,1208,702
1594,1284.112,696.048,1285.216,601.856,1230,692
1596,1268.712,696.3146666666667,1283.9826666666665,602.456,1242,696
1600,1240,696,1276,602,1184,686
1602,1234.678521904762,694.2249447619048,1266.2819657142857,599.0089752380952,1146,686
1610,1222,686,1218,588,1214,644
1615,1201.5,686.25,1166,612,1104,724
1620,1222,686,1174,628,1142,706
1625,1222,716,1200,594,1200,678
1626,1530,662,1564,408,1570,568
1630,1532,672,1588,440,1586,638
1635,1577.1666666666667,677.4583333333334,1574,374,1368,726
1638,1579.9986666666668,689.0023333333334,1602.701,389.324,1318,616
1640,1584,696,1628,408,1282,612
1643,1611.1749485714286,695.4581257142858,1665.2709314285714,432.07092571428575,1376,660
1645,1634,700,1688.0416666666667,445.8333333333333,1680,646
1646,1649.6739094639456,710.2720189823129,1698.480054523356,451.82716615691606,1880,662
1650,1708,750,1732,468,1834,558
1654,1715.6221121694227,732.5045923332478,1723.5209086775976,446.9800629095744,1920,634
1657,1714.799592592653,711.7696989322449,1666,416,1638,612
1660,1716,692,1710,408,1832,592
1666,1736.9834147008503,658.6865453096189,1751.6676923076923,379.5027692307692,1828,488
1670,1750,650,1772,372,1920,516
1675,1754,708,1776,428,1814,676
1677,1749.7447901234568,708.290962962963,1760.9850864197533,421.8026666666667,1506,722
1679,1742.8099555555555,700.3797333333334,1700,402,1370,678
1680,1736.6074074074074,694.9777777777778,1688,396,1390,666
1681,1725.2835602962964,686.9418951111111,1676,392,1387.12,638.9866666666667
1682,1713.2372448395063,678.5335134814815,1672.425,381.8875,1528,608
1683,1701.1415610937358,670.1016562743484,1670.1414351851852,370.8394675925926,1594,572
1685,1682,656,1664,350,1756,538
1687,1681.324868001787,650.8146867832098,1646.8974523809525,331.48165476190474,1906,508
1690,1684,648,1628,314,1920,488
1692,1685.1967618798392,652.2626781895111,1643.5752292857144,328.33865107142856,1858,582
1695,1674,658,1666,350,1356,608
1698,1609.8961942872097,654.6002393086293,1652,354,1296.624,547.088
1700,1550,610,1612,336,1310,498
1701,1550.3866336651695,600.5165495489254,1607.8605714285713,324.5942857142857,1308,448
1704,1542,582,1568,300,1266,392
1705,1552,592,1574,308,1310,394
1706,1558,594,1566,334,1360,406
1707,1198,716,1180,606,1156,628
1708,1196,708,1176,608,1156,656
1710,1208,728,1178,604,1134,654
1715,1198,710,1170,610,1132,712
1720,1168,744,1140,640,1052,690
1722,1147.1413333333333,739.84,1122.88,635.6266666666667,990,720
1730,1058,704,1056,600,1130,620
1740,1010,712,1056,600,968,532
1745,971.25,751.125,993.75,629.875,866,670
1750,936,786,926,654,872,788
1755,922.6458333333334,775.3645833333334,870,626,830.2916666666666,696.375
1760,916,760,882,608,796,598
1765,914.0711805555555,759.3446180555555,884,602,806,534
1770,916,760,882,608,838,638
1780,938,750,968,642,890,744
1788,969.84,718.256,977.984,591.92,1036,694
1790,978,712,978,582,1088,662
1800,1016,702,976,578,1026,640
1804,1007.368,716.592,1000.624,604.104,932,652
1810,986,742,1040,648,1030,754
1815,994.875,727.75,1013,629.375,1118,658
1820,1008,710,978,602,1044,638
1823,1010.72725,709.8645,977.712,620.174,922,710
1825,1011.4270833333334,712.2708333333334,980,630,944,742
1827,1010.6058697619048,715.6238061904762,977.3096228571428,620.0026742857143,960,762
1830,1012,722,978,602,1044,638
1835,1035.4644097222222,739.7690972222222,1022,594,1008,656
1840,1008,762,1056,636,944,726
1845,982,792,1026,674,1014,790
1846,644,776,732,340,955.872,791.424
1847,620,802,710,388,860.5226666666666,785.252
1848,610.2060185185185,815.1608796296297,666,386,759.6566419753086,777.6187777777777
1849,603.4466765873016,824.6144593253969,624,396,660.3677407407407,767.3819166666666
1850,600,824,558,350,580,740
1855,609.9166666666666,725.5416666666666,560.0416666666666,215.70833333333334,370,432
1859,720,660,629.1992222222221,156.4027777777778,318,310
1860,690,632,644,150,378,340
1862,754,676,652,154,690,520
1865,776,682,676.3715277777778,172.44097222222223,892,618
1866,832,756,678,226,846.3679999999999,608.416
1869,822,790,698,240,642,570
1870,790,688,698,208,532,484
1875,808.3333333333334,630.375,786,158,614,166
1876,814.4544444444444,625.6898333333334,790.928,155.6,660,58
1877,821.6512962962963,624.9071388888889,789.944,157.56666666666666,780,18
1878,828.9704869684499,624.775308127572,788.2057037037036,160.26697530864197,918,32
1879,835.9204901528514,625.1102100418871,787.7815317460318,163.53627645502647,1050,108
1880,840,628,798,170,1156,274
1882,837.4834300705467,642.8896914616403,866.6022161904762,196.18364682539683,1150,582
1885,831.5972222222222,667.7604166666666,956,234,932,906
1890,820,716,948,270,778,920
1892,816.3495648148148,733.0780486111111,912.704,275.5763333333333,710,888
1893,814.9991597222222,741.3894635416666,890.5039999999999,277.06174999999996,662,856
1894,814.0549790839947,749.7460256076388,867.520857142857,278.2732470238095,588,834
1900,830,810,788,298,660,476
1902,858.4829862455908,850.5054696327862,826.1676045021645,315.4667460533911,864,470
1903,876.6849991745664,873.6302960852448,856.6411528427128,326.35944887025016,952,482
1904,895.87075962339,896.9446565525137,890.226333092146,338.04036447233824,1134,566
1905,913.6673418209876,916.4393084490741,921.3333333333333,350.31597222222223,1330,762
1906,930.0944013809125,933.7238859399541,949.842524470171,361.7238611229506,1384,988
1910,986,974,1044,416,1134,1080
1911,970,692,980,576,968,672
1915,958,724,962,584,898,536
1920,968,706,964,586,886,684
1925,972.7083333333334,712.4166666666666,971.6666666666666,597.4583333333334,946,734
1930,974,720,976,606,930,754
1935,967.1076388888889,713.5486111111111,964.9444444444445,597.7951388888889,866,630
1940,962,710,956,592,842,620
1945,967.5743634259259,721.8292824074074,964.3379629629629,603.8087384259259,882,736
1950,974,740,972,618,926,766
1955,956,722,940,600,890,664
1958,946,720,938,594,882,672
1959,940,716,932,598,848,672
1960,978,796,960,638,840,736
1965,1001.5416666666666,801.7083333333334,976.25,634.9166666666666,904,724
1968,1014.0936666666666,795.4923333333334,983.066,626.9006666666667,1014,682
1970,1018,792,988,626,1084,748
1975,1002,798,1006,658,1052,826
1980,1004,766,988,626,1014,606
1985,1004.6666666666666,761.2083333333334,985.375,622.8333333333334,878,568
1988,988,750,986.086,624.3493333333333,877.952,719.104
1990,1004,766,988,626,888,804
1993,1004.48575,778.02,994.810465,629.1254566666667,964,860
1995,1003.0027891156462,785.0823129251701,999.4883380952381,631.1887927437641,1020,834
1997,1001.0271212244897,791.8540897959184,1004.0348069142857,633.1747813496598,986,806
2000,996,800,1006,634,888,804
2005,974.625,800.5,976.5,620.875,806,618
2010,962,798,948,614,832,604
2015,988.4895833333334,804.25,954.1666666666666,647.3854166666666,836,814
2020,1024,808,974,672,974,858
2025,1063.9175347222222,805.1458333333334,1013.0694444444445,654.9262152777778,1072,738
2030,1100,788,1054,612,1158,652
2031,1106.6772777777778,768.5986666666666,1046,612,1158,608
2033,1115.065658436214,767.0735802469136,1080,614,1158,572.1481481481482
2034,1120,754,1088,606,1158,520
2035,1130,668,1050,422,1158,278
2039,1143.8133333333333,667.4346666666667,1108,434,1192,282
2040,1142,672,1122,418,1230,304
2041,1134.6979272727274,676.6049018181818,1144,450,1270,378
2042,1126.9165927343613,681.2297682225767,1161.894159266479,471.54299328568334,1308,484
2043,1119.0586482344154,685.8751280076102,1206,464,1294,602
2045,1101.8856414684494,695.963917208215,1264,552,1270,686
2048,1106,694,1288.1371428571429,610.032,1292.326857142857,742.9897142857143
2050,1072,714,1292,618,1306,752
2060,1154,672,1262,454,1308,604
2061,1164.577,666.3026666666667,1257.312,439.369,1296,594
2065,1206.625,644.5,1232,395.625,1282,504
2068,1184,648,1220.01536,397.70398666666665,1255.616,498.512
2070,1194,664,1200,396,1236,510
2071,1190,656,1194,404,1232,516
2072,992,832,1048,246,1222,454
2075,864,954,1068,338,1190,572
2080,754,998,1154,702,1044,826
2085,692.9583333333334,941.8333333333334,1014,658,934,874
2090,640,874,810,490,752,814
2095,569.8368055555555,835.5138888888889,705.375,470.3333333333333,774,560
2100,520,798,642,476,494,852
2105,558,688,637.7604166666666,454.43055555555554,452,620
2110,572,690,644,450,648,738
2115,646,756,678,534,634,786
2120,604,702,664,566,482,712
2125,566,698,618,508,504,680
2130,510,654,562,466,464,522
2135,490,660,528,464,368,408
2137,498,650,522,464,364,408
2138,752,744,762,628,674,594
2139,750,734,762,636,695.6123511904761,606.7544642857143
2140,752,750,768,636,668,590
2145,746,746,748,626,694.1875,605.5416666666666
2150,752,750,756,636,668,590
2161,761.2888888888889,763.1152592592592,744,626,692,608
2165,758,766,722.6071428571429,635.0089285714286,622,630
2170,716,758,694,658,644,744
2173,694.117,749.552,689.5035,653.345125,654,760
2180,671.0569066179645,754.135366716778,682.2270003938557,647.0617435476878,714,746
2181,668.0556317817802,755.0514086821286,681.202163814924,646.2475416253616,710,754
2182,665.3021573283215,756.1941137496591,680.1742866797158,645.5327730456993,716,752
2184,659.6933594725148,758.3733106004361,678.1550666811544,643.9963621940633,718,740
2185,657.040747114395,759.6129328079145,677.1133581295128,643.3456246712655,700,736
2186,655.4677252199704,761.9214566089966,675.8383481265447,643.5397350444883,660,728
2188,658.4956510737236,772.6518662086012,671.9527165173716,648.7621073610179,622,688
2190,662,782,668,658,580,656
2200,682,814,648,740,596,862
2206,680.848,813.424,664,856,606.356,886.192
2209,680.373,812.499,668,862,607.7825625,885.61075
2210,682,814,662,860,604,884
2215,684,830,672,862,608,880
2219,674,828,662,860,598,888
2220,690,764,590,798,514,858
2230,782,768,672,818,600,856
2240,782,768,684,826,600,856
2250,760,782,700.1666666666666,846.3333333333334,604.5,873.1666666666666
2255,778,796,711.46875,854.4375,608.40625,882.28125
2260,804,788,740,844,620,886
2270,776,826,894,716,686,860
2280,740,842,730,678,626,860
2290,664,872,624,722,522,928
2295,770,856,758,824,710,882
2300,756,878,750,856,702,878
2320,748,898,746,856,702,878
2325,766,914,712,862,682,922
2328,752,900,720,840,682,920
2329,762,918,732,842,676,920
2330,406,824,362,724,296,830
2331,436,802,358,704,296,816
2335,402.25,745.25,378,642,288,832
2340,454,668,382,644,284,810
2350,434,508,418,682,284,810
2355,428,506,390.5,623.625,284,810
2360,430,492,358,568,284,810
2365,412,490,351.2083333333333,592.8645833333334,284,810
2370,414,510,354,628,284,810
2375,402,502,371.39930555555554,648.8862847222222,284,810
2380,436,510,386,656,284,810
2385,456,496,383.216724537037,626.0928096064815,284,810
2390,434,466,378,602,284,810
2395,442,514,362.95061848958335,602.5395589192708,270.25,814.625
2400,428,512,376,588,302,806
2405,412,480,384,620,290,806
2410,436,500,370,632,284,810
2415,484,530,402,614,290,792
2417,477.8666666666667,537.3777777777777,390.1111111111111,553.2444444444444,290,716
2418,514,594,424,542,292,662
2419,520,586,444,532,292,600
2420,772,784,772,756,710,664
2421,784,796,738,712,820,760
2425,778,782,736,704,830,782
2430,788,804,772,718,816,810
2440,842,790,862,704,828,808
2450,860,774,930,726,948,786
2460,912,722,940,766,938,788
2470,938,716,936,762,944,796
2480,1008,740,944,750,928,792
2485,1076.875,772.25,968,734,1004.875,791.125
2490,1056,796,996,716,1004,788
2493,1072,788,1008,714,1032,780
2495,1050,790,1000,696,1032,780
2496,1044,790,1012,704,1018,768
2497,420,774,364,598,384,756
2498,416,782,360,586,368,764
2499,390,762,368,586,348,746
2500,408,752,356,582,366,766
2502,368,754,351.056,566.048,340,762
2503,360,764,349.72266666666667,558.2368888888889,328,744
2504,348,772,349.04914285714284,551.1943333333334,316,742
2505,342,784,350,548,310,740
2510,340,794,370,570,420,760
2515,364.875,802.2083333333334,361.7916666666667,575.3333333333334,426,812
2520,380,788,384,562,274,784
2521,390.18075,781.12375,408,556,288,784
2530,510,700,528,514,416,738
2540,668,542,562,394,530,662
2545,670,460,536,308,648,580
2550,650,448,514,318,700,492
2552,642,446,515.0506666666666,319.84,720,488
2555,596,484,521.9198878205128,321.2088942307692,728,482
2557,553.28,515.136,526.101681923077,322.5117903846154,704,496
2560,482,558,520,332,588,560
2565,350,588,430,396,302,626
2569,282,646,300,420,222,600
2570,250,678,274,414,218,602
2571,244,674,248,430,226,600
2572,232,668,234,446,220,602
2573,218,686,212,444,254,620
2574,200,688,202,454,296,620
2575,1096,674,1094,580,1086,650
2576,1100,664,1102,584,1100,642
2579,1092.9768601190476,679.5389694940476,1098,584,1127.875,645.0875
2580,1092,684,1090,584,1136,644
2585,1101.970238095238,691.3764880952381,1100.498511904762,594.2946428571429,1170,616
2587,1107.1232857142857,693.2000357142857,1110,598,1174.352,625.36
2588,1109.9390595238094,693.7954970238095,1110,590,1174.652,632.86
2589,1112.897632638438,694.0955704557573,1115.2110460069443,600.0924508101851,1130,652
2590,1116,694,1118,604,1124,656
2592,1122.9250325468947,691.6969649697894,1119.2899305555557,602.5207870370369,1064,672
2593,1126.4551731994047,690.3476099441965,1122.0390625,602.040625,1044,658
2594,1129.9823072108843,688.9988934013605,1124,600,1020,642
2595,1133.5,687.625,1120.875,587.75,1028,632
2596,1136.964642857143,686.0131250000001,1122.0233035714286,584.2501785714286,1046,614
2597,1140.154,684.3295,1123.0384999999999,580.697,1070,578
2600,1148,680,1126,572,1076,626
2605,1149.2083333333333,679.3645833333334,1131.3854166666667,574.1875,1144,524
2607,1148.8216666666665,679.5679166666667,1128,584,1128,548
2610,1148,680,1136,578,1126,546
2620,1148,680,1140,572,1184,528
2623,1135.096,689.152,1151.632,566.768,1256,592
2625,1125,696,1162,572,1183.25,638.625
2630,1110,704,1188,642,1172,736
2635,1142.2083333333333,667.9583333333334,1189.5833333333333,598.625,1234,690
2640,1174,640,1190,554,1146,612
2645,1173.482638888889,665.1701388888889,1200.701388888889,576.78125,1120,626
2650,1172,694,1216,608,1220,728
2656,1206,706,1256,652,1220,730
2660,1206,704,1262,634,1170,708
2664,1228,692,1274,596,1184,684
2665,1234,692,1264,594,1202,690
2666,1234,688,1268,600,1196,690
2667,568,670,648,404,384,698
2668,580,666,662,410,414,722
2670,568,646,656,394,428,718
2675,588,620,616,352,476,670
2678,582.669,652.274,592,384,472,702
2680,576,674,548,406,450,734
2682,569.1920457142858,677.5259123809524,517.2616190476191,407.6081904761905,486,702
2684,562.4697180952381,677.2297625396826,489.7977936507937,404.9939365079365,520,678
2685,559.375,676.4166666666666,477.7083333333333,403.0833333333333,562,570
2687,553.1701338285715,673.6180951619048,472,350,544.864,636.752
2690,546,670,428,392,460,690
2691,546.0493059603809,669.6351634981587,427.0991388888889,395.14272222222223,404,726
2692,546.952459840746,669.5744555938942,431.13287094907406,394.4048622685185,420,722
2693,547.9803626104075,669.5617496613557,435.9303473240312,393.0704918874314,402,728
2694,548.9563632767831,669.5616804370817,440.801109188414,391.7142597771072,366,716
2695,549.3854166666666,669.5902777777778,445.19097222222223,390.99305555555554,316,640
2697,549.2510280734526,669.7617927919947,452.268783564057,391.7014554934138,318,566
2700,546,670,462,394,298,580
2704,526.6975592996422,670.2403729404565,476.8986243287189,402.0539708901317,342,592
2705,519.9678819444445,670.1174768518518,474,404,342,602
2710,474,668,404,412,324,602
2715,368,610,320,350,204,490
2719,301.85344,641.04,266.71221333333335,387.2336,124,530
2720,286,650,254,398,124,596
2721,271.124,652.3,242.673,402.035,88,650
2724,212,654,212,438,103.91250000000001,654.375
2725,194,642,188,438,110,646
2728,168,626,180,414,127.143,589.17
2730,158,640,162,410,84,538
2733,144,632,156,432,43.009622857142844,524.7746285714286
2735,117.16666666666666,640.2083333333334,138.79513888888889,438.5520833333333,0,516
2740,94,650,124,464,0,560
2745,108.69444444444444,688.1493055555555,114.01707175925927,464.74565972222223,0,582
2747,118.79657588216084,701.7630002421779,116.00377431199239,464.27524278051305,0,558
2748,124.32708767729224,708.3767210142863,117.68544819654582,463.9564533878389,0,562
2749,130.05479322751324,714.7098710582011,119.95729807319222,463.7199979232804,0,570
2750,136,720,124,464,0,574
2751,142.842917812712,721.5366023509785,134.59474898077843,466.1275574183561,0,600
2752,150.01007407407408,722.0299259259259,146.87854320987654,468.6563703703704,50,614
2753,157.90071153846154,721.0603822115385,161.05551662660255,471.34390564903845,0,556
2760,220,706,264,486,398,588
2763,290.83597153846154,653.7495847115384,308.78977933493593,458.8902437740385,64,520
2765,334,628,334,438,34,530
2770,360,678,368,412,276,600
2773,384.057,692.391,392.091,425.074,404,580
2775,401.875,698.125,408.9583333333333,437.75,458,518
2777,417.9619942857143,704.2227828571429,425.13306857142857,449.4001028571429,506,516
2780,448,706,452,462,628,592
2784,528.4327601142857,663.4755443428571,505.40133862857147,455.01199794285714,262,554
2785,542,658,516,452,254,554
2789,544.7724597302857,680.4406521508572,537.5972976365714,434.51168005485715,348,610
2790,546,684,542,432,382,612
2792,551.8753048323657,683.3637884085638,548.2539909502781,432.9492650600838,448,610
2793,555.0300953804292,682.5894546720135,551.3041473661087,433.72829320975575,472,614
2794,558.3241328368185,681.5582810481825,554.3892900177335,434.6285119724415,500,590
2795,562,679.9166666666666,557.7916666666666,435.6666666666667,572,542
2799,577.2766897910182,668.3071125053817,571.0106189328603,438.18857301406825,648,516
2800,584,666,578,442,682,534
2801,595.8798197556247,665.289907999426,591.3375339804949,452.1292188784994,716,544
2802,608.4835941637172,664.815232957837,605.5605762539695,463.1617204887026,730,578
2803,621.1442636900096,664.3350503658089,619.865531678829,474.23029790759557,740,598
2804,633.334603653624,663.4925075685303,633.7026772829705,484.4075162192962,688,638
2805,642,660,644,488,570,608
2806,644.5749756102801,650.8874658593568,648.1170477564831,478.78319826994175,502,604
2807,646.3311421074992,640.98569096868,651.4011975394593,467.79797350422047,422,580
2810,650,616,660,440,460,562
2812,648.2876332902612,617.7146392003995,663.1806582800303,444.1157311066838,506,578
2813,646.9570114735501,620.6419499704507,664.3656652904896,448.4439387326039,540,580
2814,645.5549884019058,623.8713908139008,665.4486318692312,453.00107127819933,572,594
2815,644.1666666666666,626.9166666666666,666,456,606,602
2816,642.5457509665077,628.9537174321748,665.0046140108974,454.1139107268167,634,576
2819,640.9256330239235,637.8492506882883,661.1322593148839,446.6749179714912,708,532
2820,644,644,662,450,722,510
2821,652.7332658107815,656.4534132599159,665.9272256730791,463.2613420830409,752,512
2822,662.2506360655715,669.8170135476356,670.2662471965162,477.91553534262914,782,542
2823,671.8518852195654,683.1978811605071,674.6756649003139,492.68382711520115,794,598
2824,681.1378616954934,695.5141137784449,679.1492998826013,506.58766039030536,738,644
2825,688,700,684,514,658,694
2826,690.9026280858141,690.2171611969659,698,530,621.5573333333333,671.52
2827,693.2803971991934,678.4919206182101,703.4208333333333,521.975,522,688
2830,698,644,712,486,524,536
2835,684,604,694,434,638,352
2837,684,612,676.32,453.776,650,402
2838,668.0877492877493,633.7834757834758,666.9832478632479,468.850188034188,644,432
2840,638,674,654,494,762,520
2843,647.9802507122507,668.9765242165242,660.2345521367521,498.592851965812,794,556
2844,652.6826258708612,665.2966745672628,662.855524671407,498.7172574876104,820,548
2845,657.6983122201873,661.0622583435083,665.5742595772283,498.369806013431,786,550
2850,678,642,676,494,468,598
2853,667.8430654024216,641.2251486823362,674,448,489.252,582.404
2854,663.0376936422539,641.7360749080616,670.0113338192419,444.41752915451895,540,598
2856,652.2133935588172,643.2806379983431,659.6406474855454,444.64625654013406,568,604
2860,634,646,642,446,678,528
2863,636.0092856768631,646.0573659734217,644.1274988007709,443.70519965119286,732,522
2865,638.25,645.875,646.375,442.625,790,558
2866,638.6212938809725,645.8345884443348,640,462,754,602
2870,634,646,642,446,450,604
2875,575.9375,648.8854166666666,589.71875,447.90625,416,610
2880,522,652,538,452,562,572
2885,511.796875,655.4678819444445,511.9401041666667,466.4661458333333,600,524
2888,511.26765625,656.6291892361111,502.6112447916667,474.1084427083333,626,588
2889,511.5353794642857,656.6924450231481,500.9002095734127,475.95879340277776,538,604
2890,512,656,502,476,448,598
2891,512.4079032738096,654.2748141589507,506.8364735945767,473.4979896990741,348,608
2892,512.8064342757937,652.4094128022119,512.1815737957452,470.6503222029321,280,588
2895,514.30859375,646.7943431712963,528.0466579861111,462.12782118055554,352,558
2897,515.6494365401786,642.9331930677083,538.6123189486607,456.144945828125,424,580
2898,516.5624340858549,641.0727121848904,543.4822798200805,453.39129977496464,472,580
2899,517.7495907919014,639.3162295552254,547.820571711423,450.97917648061514,494,570
2900,520,638,530,458,554,568
2901,524.3102927808083,637.4124348228798,530.3298754661365,458.8236438702313,620,570
2904,538.1022454422862,635.9920417908629,516,480,654,564
2905,520,662,504,474,642,554
2910,550,636,520,468,528,564
2912,539.738491970486,634.5133666771155,513.7130262707369,465.1719596956983,452,536
2913,530.8905902235242,635.2670026895657,508.3853294964072,463.71957744080345,446,520
2914,520.8601393713573,636.5039787229867,518,460,462,530
2915,510.7417263454861,637.8145440498007,495.8892129026813,460.9904709804205,490,534
2918,481.34313117885046,640.5419356435754,476.65236154815295,456.9439025215808,538,604
2920,462,644,462,456,602,612
2921,452.5464056060215,647.6034718809192,449.71530261975374,457.8424269563458,576,586
2922,468,612,436.18237822602913,460.27335338300827,492,564
2925,414.97985613787614,663.9321213291832,395.8425655914432,467.8341274182983,214,568
2926,403.74162879774303,671.6660946522151,383.19361964876913,470.5866347714051,160,600
2927,394.78304941587095,675.8064473518612,370.951505035335,473.3651506716533,190,622
2928,386.16753292541085,679.3327962442397,358.8158529957911,476.12709648467535,244,630
2929,377.5006861396713,682.301555946759,347.0656367971561,478.709783559088,308,648
2931,356.72526014510174,674.709167365679,333.4584292568091,478.7072017390205,374,646
2933,333.61119845786175,657.7577410964807,344,494,420,614
2934,322.2106704147856,650.1294669127598,332,474,405.01785714285717,582.9464285714286
2935,312,648,319.5131195340464,473.5138227151418,428,602
2936,302.4201951557562,657.4795235293057,318.430631681717,476.68727298287604,390,580
2937,292.8841270617475,668.6125047180456,318.9104243605709,480.39889971099143,360,582
2938,254,644,319.59627446061836,484.100568520535,394,600
2939,270,664,319.9935640500456,486.9968248267516,392,634
2940,278,658,318,484,310,636
2942,288.544,612.688,293.74477231399453,443.8163810207898,106,584
2943,294.49955555555556,590.6213333333334,312,434,64.83703703703704,538.1851851851852
2945,316,568,284,410,74,466
2946,510,680,502,588,380,632
2947,496,682,510,582,396,640
2948,480.38310185185185,687.1967592592592,504.2037037037037,581.2592592592592,424,628
2950,452,702,484,586,448,634
2955,415.5416666666667,769.5833333333334,404,638,480,770
2957,414,782,395.1748148148148,670.2266666666667,489.9481481481481,778.2133333333334
2959,370,802,392.87466666666666,704.848,506.18666666666667,766.224
2960,348,818,386,716,496,768
2965,291.7061904761905,854.9323809523811,344,762,223.99894179894181,835.6410582010582
2966,281.4501818181818,861.4138181818182,318,766,186,848
2970,246,882,250,758,188,884
2972,235.50284051948051,884.9080699567099,212,758,190,886
2974,226.83997862637364,885.9517533516483,196.4045673076923,757.5021634615384,184,890
2975,222.73503429279054,886.3349623508436,190.41853328962705,757.2283562791375,176,880
2977,214.42478643261737,887.0449233939894,178.87275109265735,756.6446763548952,136,756
2980,204,888,166,756,122,726
2985,201.375,888.875,175.875,756.625,100,732
2990,204,888,210,760,170,826
2995,222,884,244,764,192,866
3000,204,880,320,780,162,844
3007,273.685,875.576,402.005,840.172,352,902
3010,298,872,422,862,356,882
3020,302,848,394,892,292,896
3030,302,848,372,834,372,888
3040,294,864,252,782,194,832
3042,283.63733333333334,856.4053333333334,242.89866666666666,762.5066666666667,170,810
3049,231.46600240384615,809.1825144230768,242.10731610576929,678.9194591346154,290,774
3050,226,804,242,670,280,776
3055,220.25,795.5,239.875,657.75,286,804
3060,238,800,242,670,228,772
3070,358,844,266,754,370,796
3080,358,844,362,740,404,864
3090,428,820,428,750,416,872
3095,450.25,774.25,432,752,408,872
3100,474,728,472,780,430,856
3110,556,700,520,720,482,814
3120,536,712,508,628,508,732
3130,536,712,530,606,508,732
3140,536,712,544,608,508,732
3150,536,712,542,602,508,732
3155,548,696,536,602,514,724
3175,544,710,546,602,508,722
3190,544,710,536,600,508,714
3195,540,716,542,594,498,712
3200,542,728,548,600,508,718
3204,548,714,540,588,516,724
3205,212,722,214,518,124,746
3206,206,710,214,510,130,744
3210,216,724,212,522,126,746
3240,168,728,166,492,92,744
3245,138.75,732.375,148,498,78,746
3250,116,736,108,486,8,744
3260,170,728,162,506,40,768
3265,274,692,260,466,188,732
3270,332,652,322,432,282,664
3275,375.2916666666667,637.1666666666666,373.7916666666667,419.0416666666667,322,554
3280,420,628,418,414,312,424
3285,510,618,462,420,314,488
3290,538,612,472,426,406,648
3295,546.5,603.5,447.8333333333333,439.1666666666667,530,628
3300,554,596,422,462,518,620
3303,569.672,595.64,423.352,494.536,540,668
3305,576,596,422,526,484,708
3310,554,596,386,644,412,802
3320,554,596,500,812,432,858
3330,500,666,614,822,596,858
3336,479.12,770.544,644,798,510.56,794.016
3340,474,834,632,740,460,760
3345,502,830,596,654,582,814
3346,374,822,312,744,270,774
3350,364,798,278,738,356,836
3355,350.10714285714283,757.3214285714286,262,688,228,764
3360,336,722,294,596,200,670
3370,308,698,328,584,344,656
3375,326,726,325,598.875,268,732
3380,338,716,318,614,328,646
3385,337.625,714.9166666666666,322,604,274,742
3390,338,716,320,604,286,726
3400,360,720,336,612,294,728
3410,360,720,356,602,290,690
3415,369.25,714.5,364,612,300,712
3420,384,710,412,608,366,700
3430,428,718,414,612,448,676
3436,433.9136,717.0016,416.5152,613.344,516,604
3440,428,718,414,612,432,696
3445,405.58905263157897,728.5904561403509,404,622,332,756
3448,391.1165574736842,735.3757167719298,395.996,615.24,350,708
3452,382,714,384.31763265306125,601.6563265306122,422,670
3455,374,730,372,592,442,706
3460,372,692,332,582,266,570
3465,344.5416666666667,711.8333333333334,317,592.7916666666666,226,532
3470,322,746,300,624,222,732
3473,330.27591666666666,768.0563333333333,276.553,672.7584166666667,270,780
3480,358,812,220,788,264,890
3490,348,810,194,808,264,890
3500,328,806,194,808,246,898
3540,278,838,132,830,200,924
3597,278,838,136,834,200,924
